step,gate_operation,comparison_type,max_diff,total_diff,mean_diff,n_qubits,a,b,c,timestamp
-1,INITIAL,CDF_vs_DeepQ,0.004872025022036697,0.021642964102909567,0.002705370512863696,3,20,0,0,2026-02-28T06:53:16.003815
-1,INITIAL,Orig_vs_DeepQ,0.005111544220047227,0.024123900110157668,0.0030154875137697085,3,20,0,0,2026-02-28T06:53:16.003815
-1,INITIAL,CDF_vs_Orig,0.0019518194158622477,0.008467786335985375,0.0010584732919981718,3,20,0,0,2026-02-28T06:53:16.003815
0,S(qubit=0),CDF_vs_DeepQ,0.004872039255038445,0.021643057200478835,0.0027053821500598544,3,20,0,0,2026-02-28T06:53:16.003815
0,S(qubit=0),Orig_vs_DeepQ,0.005111551670010418,0.024123984132111774,0.0030154980165139718,3,20,0,0,2026-02-28T06:53:16.003815
0,S(qubit=0),CDF_vs_Orig,0.0019518194158622477,0.008467777473357311,0.0010584721841696639,3,20,0,0,2026-02-28T06:53:16.003815
1,S(qubit=0),CDF_vs_DeepQ,0.004872039255038445,0.02164314377270419,0.0027053929715880236,3,20,0,0,2026-02-28T06:53:16.003815
1,S(qubit=0),Orig_vs_DeepQ,0.005111551670010418,0.02412404970588211,0.003015506213235264,3,20,0,0,2026-02-28T06:53:16.003815
1,S(qubit=0),CDF_vs_Orig,0.0019518194158622477,0.008467799061245266,0.0010584748826556582,3,20,0,0,2026-02-28T06:53:16.003815
2,Z(qubit=2),CDF_vs_DeepQ,0.004872039255038445,0.02164290649914907,0.0027053633123936337,3,20,0,0,2026-02-28T06:53:16.003815
2,Z(qubit=2),Orig_vs_DeepQ,0.005111551670010418,0.02412385611634925,0.003015482014543656,3,20,0,0,2026-02-28T06:53:16.003815
2,Z(qubit=2),CDF_vs_Orig,0.0019518194158622477,0.008467777473357311,0.0010584721841696639,3,20,0,0,2026-02-28T06:53:16.003815
3,Y(qubit=0),CDF_vs_DeepQ,0.004872039255038445,0.02164287022196583,0.0027053587777457287,3,20,0,0,2026-02-28T06:53:16.003815
3,Y(qubit=0),Orig_vs_DeepQ,0.005111551670010418,0.024123805460934903,0.003015475682616863,3,20,0,0,2026-02-28T06:53:16.003815
3,Y(qubit=0),CDF_vs_Orig,0.0019518194158622477,0.008467802652075173,0.0010584753315093967,3,20,0,0,2026-02-28T06:53:16.003815
4,T(qubit=0),CDF_vs_DeepQ,0.004872039255038445,0.02164291953102787,0.002705364941378484,3,20,0,0,2026-02-28T06:53:16.003815
4,T(qubit=0),Orig_vs_DeepQ,0.005111551670010418,0.02412383991052009,0.0030154799888150114,3,20,0,0,2026-02-28T06:53:16.003815
4,T(qubit=0),CDF_vs_Orig,0.0019518194158622477,0.008467800577471882,0.0010584750721839853,3,20,0,0,2026-02-28T06:53:16.003815
5,Z(qubit=1),CDF_vs_DeepQ,0.004872039255038445,0.021642877895647443,0.0027053597369559304,3,20,0,0,2026-02-28T06:53:16.003815
5,Z(qubit=1),Orig_vs_DeepQ,0.005111551670010418,0.024123788304674265,0.003015473538084283,3,20,0,0,2026-02-28T06:53:16.003815
5,Z(qubit=1),CDF_vs_Orig,0.0019518194158622477,0.008467800577471882,0.0010584750721839853,3,20,0,0,2026-02-28T06:53:16.003815
6,X(qubit=2),CDF_vs_DeepQ,0.004872039255038445,0.021642877895647443,0.0027053597369559304,3,20,0,0,2026-02-28T06:53:16.003815
6,X(qubit=2),Orig_vs_DeepQ,0.005111551670010418,0.024123788304674265,0.003015473538084283,3,20,0,0,2026-02-28T06:53:16.003815
6,X(qubit=2),CDF_vs_Orig,0.0019518194158622477,0.008467800577471882,0.0010584750721839853,3,20,0,0,2026-02-28T06:53:16.003815
7,S(qubit=1),CDF_vs_DeepQ,0.004872039255038445,0.02164294725231286,0.0027053684065391076,3,20,0,0,2026-02-28T06:53:16.003815
7,S(qubit=1),Orig_vs_DeepQ,0.005111551670010418,0.024123856207094056,0.003015482025886757,3,20,0,0,2026-02-28T06:53:16.003815
7,S(qubit=1),CDF_vs_Orig,0.0019518194158622477,0.00846780727732441,0.0010584759096655513,3,20,0,0,2026-02-28T06:53:16.003815
8,S(qubit=1),CDF_vs_DeepQ,0.004872039255038445,0.02164291953102787,0.002705364941378484,3,20,0,0,2026-02-28T06:53:16.003815
8,S(qubit=1),Orig_vs_DeepQ,0.005111551670010418,0.02412383991052009,0.0030154799888150114,3,20,0,0,2026-02-28T06:53:16.003815
8,S(qubit=1),CDF_vs_Orig,0.0019518194158622477,0.008467800577471882,0.0010584750721839853,3,20,0,0,2026-02-28T06:53:16.003815
9,X(qubit=1),CDF_vs_DeepQ,0.004872039255038445,0.02164291953102787,0.002705364941378484,3,20,0,0,2026-02-28T06:53:16.003815
9,X(qubit=1),Orig_vs_DeepQ,0.005111551670010418,0.02412383991052009,0.0030154799888150114,3,20,0,0,2026-02-28T06:53:16.003815
9,X(qubit=1),CDF_vs_Orig,0.0019518194158622477,0.008467800577471882,0.0010584750721839853,3,20,0,0,2026-02-28T06:53:16.003815
10,T(qubit=1),CDF_vs_DeepQ,0.004872035394097686,0.0216429291539504,0.0027053661442438,3,20,0,0,2026-02-28T06:53:16.003815
10,T(qubit=1),Orig_vs_DeepQ,0.005111539994018042,0.024123844349469393,0.003015480543683674,3,20,0,0,2026-02-28T06:53:16.003815
10,T(qubit=1),CDF_vs_Orig,0.0019518194158622477,0.008467807487570787,0.0010584759359463483,3,20,0,0,2026-02-28T06:53:16.003815
11,X(qubit=1),CDF_vs_DeepQ,0.004872035394097686,0.0216429291539504,0.0027053661442438,3,20,0,0,2026-02-28T06:53:16.003815
11,X(qubit=1),Orig_vs_DeepQ,0.005111539994018042,0.024123844349469393,0.003015480543683674,3,20,0,0,2026-02-28T06:53:16.003815
11,X(qubit=1),CDF_vs_Orig,0.0019518194158622477,0.008467807487570787,0.0010584759359463483,3,20,0,0,2026-02-28T06:53:16.003815
12,Y(qubit=1),CDF_vs_DeepQ,0.004872009025965299,0.02164285382589614,0.0027053567282370175,3,20,0,0,2026-02-28T06:53:16.003815
12,Y(qubit=1),Orig_vs_DeepQ,0.005111529593787133,0.024123793252429367,0.003015474156553671,3,20,0,0,2026-02-28T06:53:16.003815
12,Y(qubit=1),CDF_vs_Orig,0.0019518194158622477,0.008467789979682876,0.0010584737474603595,3,20,0,0,2026-02-28T06:53:16.003815
13,S(qubit=2),CDF_vs_DeepQ,0.004871968768986154,0.02164276348537384,0.00270534543567173,3,20,0,0,2026-02-28T06:53:16.003815
13,S(qubit=2),Orig_vs_DeepQ,0.005111487450429953,0.02412372479902449,0.0030154655998780614,3,20,0,0,2026-02-28T06:53:16.003815
13,S(qubit=2),CDF_vs_Orig,0.0019518194158622477,0.008467783279830348,0.0010584729099787935,3,20,0,0,2026-02-28T06:53:16.003815
14,Y(qubit=2),CDF_vs_DeepQ,0.004872009025965299,0.021642940115744892,0.0027053675144681115,3,20,0,0,2026-02-28T06:53:16.003815
14,Y(qubit=2),Orig_vs_DeepQ,0.005111529593787133,0.024123854300992686,0.0030154817876240857,3,20,0,0,2026-02-28T06:53:16.003815
14,Y(qubit=2),CDF_vs_Orig,0.0019518194158622477,0.008467807163061798,0.0010584758953827247,3,20,0,0,2026-02-28T06:53:16.003815
15,X(qubit=0),CDF_vs_DeepQ,0.004872009025965299,0.021642940115744892,0.0027053675144681115,3,20,0,0,2026-02-28T06:53:16.003815
15,X(qubit=0),Orig_vs_DeepQ,0.005111529593787133,0.024123854300992686,0.0030154817876240857,3,20,0,0,2026-02-28T06:53:16.003815
15,X(qubit=0),CDF_vs_Orig,0.0019518194158622477,0.008467807163061798,0.0010584758953827247,3,20,0,0,2026-02-28T06:53:16.003815
16,Y(qubit=1),CDF_vs_DeepQ,0.004872035394097686,0.02164285812267521,0.0027053572653344014,3,20,0,0,2026-02-28T06:53:16.003815
16,Y(qubit=1),Orig_vs_DeepQ,0.005111539994018042,0.024123822228755,0.003015477778594375,3,20,0,0,2026-02-28T06:53:16.003815
16,Y(qubit=1),CDF_vs_Orig,0.0019518194158622477,0.008467802694069715,0.0010584753367587144,3,20,0,0,2026-02-28T06:53:16.003815
17,T(qubit=0),CDF_vs_DeepQ,0.004872040962738588,0.021642925773450325,0.0027053657216812906,3,20,0,0,2026-02-28T06:53:16.003815
17,T(qubit=0),Orig_vs_DeepQ,0.005111543836473526,0.02412385355164493,0.003015481693955616,3,20,0,0,2026-02-28T06:53:16.003815
17,T(qubit=0),CDF_vs_Orig,0.0019518137698270564,0.008467781328751405,0.0010584726660939256,3,20,0,0,2026-02-28T06:53:16.003815
18,S(qubit=2),CDF_vs_DeepQ,0.004872040962738588,0.02164301822977366,0.0027053772787217073,3,20,0,0,2026-02-28T06:53:16.003815
18,S(qubit=2),Orig_vs_DeepQ,0.005111543836473526,0.02412389887883521,0.0030154873598544013,3,20,0,0,2026-02-28T06:53:16.003815
18,S(qubit=2),CDF_vs_Orig,0.0019518101670565502,0.008467804130223418,0.0010584755162779272,3,20,0,0,2026-02-28T06:53:16.003815
19,S(qubit=1),CDF_vs_DeepQ,0.004872040962738588,0.021643004303060546,0.0027053755378825682,3,20,0,0,2026-02-28T06:53:16.003815
19,S(qubit=1),Orig_vs_DeepQ,0.005111543836473526,0.024123877998705093,0.0030154847498381366,3,20,0,0,2026-02-28T06:53:16.003815
19,S(qubit=1),CDF_vs_Orig,0.0019518137698270564,0.008467807732993923,0.0010584759666242404,3,20,0,0,2026-02-28T06:53:16.003815
20,"CH(control=1, target=2)",CDF_vs_DeepQ,0.005369897039999412,0.024792762249103758,0.0030990952811379697,3,20,0,0,2026-02-28T06:53:16.003815
20,"CH(control=1, target=2)",Orig_vs_DeepQ,0.0057211848228238635,0.028163891128119848,0.003520486391014981,3,20,0,0,2026-02-28T06:53:16.003815
20,"CH(control=1, target=2)",CDF_vs_Orig,0.0026458466426589645,0.008464742031553727,0.001058092753944216,3,20,0,0,2026-02-28T06:53:16.003815
21,"CX(control=1, target=2)",CDF_vs_DeepQ,0.005369897039999412,0.024792762249103758,0.0030990952811379697,3,20,0,0,2026-02-28T06:53:16.003815
21,"CX(control=1, target=2)",Orig_vs_DeepQ,0.0057211848228238635,0.028163891128119848,0.003520486391014981,3,20,0,0,2026-02-28T06:53:16.003815
21,"CX(control=1, target=2)",CDF_vs_Orig,0.0026458466426589645,0.008464742031553727,0.001058092753944216,3,20,0,0,2026-02-28T06:53:16.003815
22,"CH(control=2, target=0)",CDF_vs_DeepQ,0.004872040962738588,0.02232020710161209,0.002790025887701511,3,20,0,0,2026-02-28T06:53:16.003815
22,"CH(control=2, target=0)",Orig_vs_DeepQ,0.008460948026439477,0.026373082034277216,0.003296635254284652,3,20,0,0,2026-02-28T06:53:16.003815
22,"CH(control=2, target=0)",CDF_vs_Orig,0.00512634076733822,0.013458692160318916,0.0016823365200398645,3,20,0,0,2026-02-28T06:53:16.003815
23,"CT(control=1, target=0)",CDF_vs_DeepQ,0.004872040962738588,0.022320227227560885,0.0027900284034451106,3,20,0,0,2026-02-28T06:53:16.003815
23,"CT(control=1, target=0)",Orig_vs_DeepQ,0.008460948026439477,0.026373059064057056,0.003296632383007132,3,20,0,0,2026-02-28T06:53:16.003815
23,"CT(control=1, target=0)",CDF_vs_Orig,0.00512634076733822,0.01345872801600906,0.0016823410020011325,3,20,0,0,2026-02-28T06:53:16.003815
24,"CT(control=0, target=2)",CDF_vs_DeepQ,0.004872040962738588,0.022320237150624363,0.0027900296438280454,3,20,0,0,2026-02-28T06:53:16.003815
24,"CT(control=0, target=2)",Orig_vs_DeepQ,0.008460948026439477,0.02637307344372875,0.0032966341804660936,3,20,0,0,2026-02-28T06:53:16.003815
24,"CT(control=0, target=2)",CDF_vs_Orig,0.00512634076733822,0.013458732593442643,0.0016823415741803304,3,20,0,0,2026-02-28T06:53:16.003815
25,"CX(control=2, target=0)",CDF_vs_DeepQ,0.004872040962738588,0.022320237150624363,0.0027900296438280454,3,20,0,0,2026-02-28T06:53:16.003815
25,"CX(control=2, target=0)",Orig_vs_DeepQ,0.008460948026439477,0.02637307344372875,0.0032966341804660936,3,20,0,0,2026-02-28T06:53:16.003815
25,"CX(control=2, target=0)",CDF_vs_Orig,0.00512634076733822,0.013458732593442643,0.0016823415741803304,3,20,0,0,2026-02-28T06:53:16.003815
26,"CY(control=2, target=0)",CDF_vs_DeepQ,0.004872040962738588,0.022320240227540488,0.002790030028442561,3,20,0,0,2026-02-28T06:53:16.003815
26,"CY(control=2, target=0)",Orig_vs_DeepQ,0.008460960579887326,0.026373084514506935,0.003296635564313367,3,20,0,0,2026-02-28T06:53:16.003815
26,"CY(control=2, target=0)",CDF_vs_Orig,0.005126355034923272,0.01345874683817872,0.00168234335477234,3,20,0,0,2026-02-28T06:53:16.003815
27,"CZ(control=0, target=1)",CDF_vs_DeepQ,0.004872040962738588,0.02232022177790705,0.002790027722238381,3,20,0,0,2026-02-28T06:53:16.003815
27,"CZ(control=0, target=1)",Orig_vs_DeepQ,0.008460960579887326,0.026373066673752815,0.003296633334219102,3,20,0,0,2026-02-28T06:53:16.003815
27,"CZ(control=0, target=1)",CDF_vs_Orig,0.005126355034923272,0.01345874683817872,0.00168234335477234,3,20,0,0,2026-02-28T06:53:16.003815
28,"CS(control=2, target=1)",CDF_vs_DeepQ,0.004872040962738588,0.022320225386489482,0.0027900281733111852,3,20,0,0,2026-02-28T06:53:16.003815
28,"CS(control=2, target=1)",Orig_vs_DeepQ,0.008460948026439477,0.026373060114979936,0.003296632514372492,3,20,0,0,2026-02-28T06:53:16.003815
28,"CS(control=2, target=1)",CDF_vs_Orig,0.00512634076733822,0.013458732570593667,0.0016823415713242084,3,20,0,0,2026-02-28T06:53:16.003815
29,"CY(control=1, target=2)",CDF_vs_DeepQ,0.004872040962738588,0.022320225069472188,0.0027900281336840234,3,20,0,0,2026-02-28T06:53:16.003815
29,"CY(control=1, target=2)",Orig_vs_DeepQ,0.008460960579887326,0.0263730700920077,0.0032966337615009623,3,20,0,0,2026-02-28T06:53:16.003815
29,"CY(control=1, target=2)",CDF_vs_Orig,0.005126355034923272,0.01345874683817872,0.00168234335477234,3,20,0,0,2026-02-28T06:53:16.003815
30,"CX(control=1, target=2)",CDF_vs_DeepQ,0.004872040962738588,0.022320225069472188,0.0027900281336840234,3,20,0,0,2026-02-28T06:53:16.003815
30,"CX(control=1, target=2)",Orig_vs_DeepQ,0.008460960579887326,0.0263730700920077,0.0032966337615009623,3,20,0,0,2026-02-28T06:53:16.003815
30,"CX(control=1, target=2)",CDF_vs_Orig,0.005126355034923272,0.01345874683817872,0.00168234335477234,3,20,0,0,2026-02-28T06:53:16.003815
31,"CX(control=0, target=2)",CDF_vs_DeepQ,0.004872040962738588,0.022320225069472188,0.0027900281336840234,3,20,0,0,2026-02-28T06:53:16.003815
31,"CX(control=0, target=2)",Orig_vs_DeepQ,0.008460960579887326,0.026373070092007705,0.003296633761500963,3,20,0,0,2026-02-28T06:53:16.003815
31,"CX(control=0, target=2)",CDF_vs_Orig,0.005126355034923272,0.01345874683817872,0.00168234335477234,3,20,0,0,2026-02-28T06:53:16.003815
32,"CY(control=1, target=2)",CDF_vs_DeepQ,0.004872040962738588,0.022320236613760033,0.002790029576720004,3,20,0,0,2026-02-28T06:53:16.003815
32,"CY(control=1, target=2)",Orig_vs_DeepQ,0.008460960579887326,0.026373095003435883,0.0032966368754294853,3,20,0,0,2026-02-28T06:53:16.003815
32,"CY(control=1, target=2)",CDF_vs_Orig,0.005126352200059513,0.013458744003314961,0.0016823430004143701,3,20,0,0,2026-02-28T06:53:16.003815
33,"CY(control=0, target=1)",CDF_vs_DeepQ,0.0048720267297646174,0.022320325639098727,0.002790040704887341,3,20,0,0,2026-02-28T06:53:16.003815
33,"CY(control=0, target=1)",Orig_vs_DeepQ,0.008460960579887326,0.026373221860799906,0.0032966527325999882,3,20,0,0,2026-02-28T06:53:16.003815
33,"CY(control=0, target=1)",CDF_vs_Orig,0.005126352200059513,0.013458676721707391,0.0016823345902134239,3,20,0,0,2026-02-28T06:53:16.003815
34,"CS(control=2, target=1)",CDF_vs_DeepQ,0.0048720267297646174,0.02232028988275877,0.002790036235344846,3,20,0,0,2026-02-28T06:53:16.003815
34,"CS(control=2, target=1)",Orig_vs_DeepQ,0.008460960579887326,0.02637319793286143,0.003296649741607679,3,20,0,0,2026-02-28T06:53:16.003815
34,"CS(control=2, target=1)",CDF_vs_Orig,0.005126352200059513,0.013458586970302588,0.0016823233712878235,3,20,0,0,2026-02-28T06:53:16.003815
35,"CH(control=0, target=2)",CDF_vs_DeepQ,0.006062749602579322,0.022418252320054028,0.0028022815400067535,3,20,0,0,2026-02-28T06:53:16.003815
35,"CH(control=0, target=2)",Orig_vs_DeepQ,0.008460960579887326,0.023744791765277294,0.0029680989706596618,3,20,0,0,2026-02-28T06:53:16.003815
35,"CH(control=0, target=2)",CDF_vs_Orig,0.005126352200059513,0.015677174400353423,0.001959646800044178,3,20,0,0,2026-02-28T06:53:16.003815
36,"CY(control=2, target=0)",CDF_vs_DeepQ,0.006062749602579322,0.022418265239354397,0.0028022831549192996,3,20,0,0,2026-02-28T06:53:16.003815
36,"CY(control=2, target=0)",Orig_vs_DeepQ,0.008460960579887326,0.023744777709409023,0.002968097213676128,3,20,0,0,2026-02-28T06:53:16.003815
36,"CY(control=2, target=0)",CDF_vs_Orig,0.005126352200059513,0.015677196924417894,0.0019596496155522367,3,20,0,0,2026-02-28T06:53:16.003815
37,"CT(control=1, target=0)",CDF_vs_DeepQ,0.006062749602579322,0.02241825142853446,0.0028022814285668077,3,20,0,0,2026-02-28T06:53:16.003815
37,"CT(control=1, target=0)",Orig_vs_DeepQ,0.008460960579887326,0.02374477931383661,0.0029680974142295763,3,20,0,0,2026-02-28T06:53:16.003815
37,"CT(control=1, target=0)",CDF_vs_Orig,0.005126352200059513,0.015677191084661493,0.0019596488855826866,3,20,0,0,2026-02-28T06:53:16.003815
38,"CX(control=2, target=1)",CDF_vs_DeepQ,0.006062749602579322,0.02241825142853446,0.0028022814285668077,3,20,0,0,2026-02-28T06:53:16.003815
38,"CX(control=2, target=1)",Orig_vs_DeepQ,0.008460960579887326,0.02374477931383661,0.0029680974142295763,3,20,0,0,2026-02-28T06:53:16.003815
38,"CX(control=2, target=1)",CDF_vs_Orig,0.005126352200059513,0.015677191084661493,0.0019596488855826866,3,20,0,0,2026-02-28T06:53:16.003815
39,"CZ(control=2, target=1)",CDF_vs_DeepQ,0.006062739204883135,0.022418234622410247,0.002802279327801281,3,20,0,0,2026-02-28T06:53:16.003815
39,"CZ(control=2, target=1)",Orig_vs_DeepQ,0.008460960579887326,0.023744770161566627,0.0029680962701958283,3,20,0,0,2026-02-28T06:53:16.003815
39,"CZ(control=2, target=1)",CDF_vs_Orig,0.005126352200059513,0.015677178431904925,0.0019596473039881156,3,20,0,0,2026-02-28T06:53:16.003815
